City_ID,City,Country,Lat,Lng,Max Temp,Humidity,Cloudiness,Wind Speed,Current Description
0,Cabo San Lucas,MX,22.8909,-109.9124,95.61,63,13,5.01,few clouds
1,Qaanaaq,GL,77.484,-69.3632,45.55,55,0,3.89,clear sky
2,Rikitea,PF,-23.1203,-134.9692,74.79,77,19,12.19,few clouds
3,Castro,BR,-24.7911,-50.0119,57.87,98,100,3.42,overcast clouds
4,Chiang Rai,TH,19.9167,99.9167,79.12,98,40,2.3,moderate rain
5,Gamba,GA,-2.65,10.0,70.03,93,70,4.43,broken clouds
6,Sao Felix Do Xingu,BR,-6.6447,-51.995,85.23,40,19,1.32,few clouds
7,Sorong,ID,-0.8833,131.25,76.73,87,94,4.29,light rain
8,Pauini,BR,-7.7136,-66.9764,83.88,62,90,1.95,overcast clouds
9,Milove,UA,49.3787,40.1302,55.94,77,0,6.67,clear sky
10,Nyurba,RU,63.2842,118.3319,61.63,85,84,5.35,broken clouds
11,Hobart,AU,-42.8794,147.3294,43.27,83,75,5.75,broken clouds
12,Hermanus,ZA,-34.4187,19.2345,53.8,83,100,4.25,overcast clouds
13,Atuona,PF,-9.8,-139.0333,77.29,70,40,16.26,scattered clouds
14,Sunnyside,US,46.3237,-120.0087,82.67,34,0,4.61,clear sky
15,Petatlan,MX,17.5167,-101.2667,88.77,56,100,6.35,overcast clouds
16,Risor,NO,58.7206,9.2342,62.29,57,100,14.32,overcast clouds
17,Albany,US,42.6001,-73.9662,78.46,85,100,1.01,overcast clouds
18,Busselton,AU,-33.65,115.3333,50.77,85,0,7.85,clear sky
19,Bluff,NZ,-46.6,168.3333,42.8,76,100,16.28,overcast clouds
20,Almaznyy,RU,48.0448,40.045,59.43,50,0,9.95,clear sky
21,Bethel,US,41.3712,-73.414,78.03,93,100,1.01,overcast clouds
22,Binzhou,CN,37.3667,118.0167,72.16,87,57,3.67,broken clouds
23,Jackson,US,42.4165,-122.8345,89.74,33,0,1.99,clear sky
24,Marquette,US,46.5333,-87.6335,87.78,70,7,8.28,clear sky
25,Tomaszow Mazowiecki,PL,51.5313,20.0086,68.56,46,45,4.0,scattered clouds
26,Kavaratti,IN,10.5669,72.642,79.95,81,100,22.12,overcast clouds
27,Lompoc,US,34.6391,-120.4579,92.01,52,18,6.31,few clouds
28,Yellowknife,CA,62.456,-114.3525,70.32,56,40,10.36,scattered clouds
29,Volchikha,RU,52.0333,80.3833,55.13,80,3,5.64,clear sky
30,Ulladulla,AU,-35.35,150.4667,44.24,76,68,11.43,broken clouds
31,Bambous Virieux,MU,-20.3428,57.7575,69.22,73,75,18.41,light rain
32,Mangrol,IN,21.1167,70.1167,80.69,83,99,14.23,overcast clouds
33,Port Alfred,ZA,-33.5906,26.891,65.62,55,81,7.81,broken clouds
34,Bandarbeyla,SO,9.4942,50.8122,75.78,81,74,35.21,broken clouds
35,Hithadhoo,MV,-0.6,73.0833,81.36,76,100,10.0,overcast clouds
36,Riyadh,SA,24.6877,46.7219,96.94,12,43,6.55,scattered clouds
37,Afrikanda,RU,67.4429,32.7828,53.89,89,89,9.53,light rain
38,Kapaa,US,22.0752,-159.319,82.72,80,100,18.41,overcast clouds
39,Chokurdakh,RU,70.6333,147.9167,42.67,71,75,12.71,broken clouds
40,Port Augusta,AU,-32.5,137.7667,39.29,79,4,3.09,clear sky
41,Kodinsk,RU,58.6881,99.1844,50.11,97,51,3.56,broken clouds
42,Sai Buri,TH,6.7013,101.6168,78.85,87,99,4.29,overcast clouds
43,Yar-Sale,RU,66.8333,70.8333,56.89,66,77,7.85,broken clouds
44,Puerto Ayora,EC,-0.7393,-90.3518,75.16,89,97,4.0,overcast clouds
45,Olafsvik,IS,64.8945,-23.7142,53.49,76,99,5.21,overcast clouds
46,Bestobe,KZ,52.4994,73.0975,64.22,55,29,4.72,scattered clouds
47,Sovetskiy,RU,61.3614,63.5842,60.55,64,1,1.03,clear sky
48,Nishihara,JP,26.1842,127.7558,83.68,94,20,9.22,few clouds
49,Walvis Bay,NA,-22.9575,14.5053,56.08,57,2,9.1,clear sky
50,Tiksi,RU,71.6872,128.8694,34.9,95,100,14.38,overcast clouds
51,Kensington,AU,-33.9167,151.2167,50.13,69,40,14.97,scattered clouds
52,Punta Arenas,CL,-53.15,-70.9167,41.11,75,75,34.52,moderate rain
53,Hilo,US,19.7297,-155.09,92.28,88,51,1.99,broken clouds
54,Chicama,PE,-7.8447,-79.1469,70.57,63,23,8.88,few clouds
55,Tadine,NC,-21.55,167.8833,75.15,88,98,10.16,overcast clouds
56,Husavik,IS,66.0449,-17.3389,51.89,78,82,3.0,broken clouds
57,Chuy,UY,-33.6971,-53.4616,49.17,80,3,2.86,clear sky
58,Kaitangata,NZ,-46.2817,169.8464,45.91,92,100,5.79,light rain
59,Pochinok,RU,54.4068,32.4407,54.64,84,80,6.24,broken clouds
60,Hovd,MN,48.0056,91.6419,54.93,84,90,2.82,overcast clouds
61,Ayan,RU,56.45,138.1667,56.5,97,100,10.4,overcast clouds
62,Mataura,NZ,-46.1927,168.8643,42.48,97,100,1.68,light rain
63,Padang,ID,-0.9492,100.3543,76.44,77,11,3.6,few clouds
64,Klaksvik,FO,62.2266,-6.589,50.92,88,100,8.97,overcast clouds
65,Sistranda,NO,63.7256,8.834,53.56,87,100,16.75,overcast clouds
66,Tessalit,ML,20.1986,1.0114,90.05,37,47,17.56,light rain
67,Upernavik,GL,72.7868,-56.1549,43.61,75,100,0.34,overcast clouds
68,Asyut,EG,27.181,31.1837,87.76,19,28,8.52,scattered clouds
69,Rio Pardo De Minas,BR,-15.6097,-42.5397,71.64,46,52,10.25,broken clouds
70,Mount Gambier,AU,-37.8333,140.7667,46.45,69,100,4.92,overcast clouds
71,Esmeraldas,BR,-19.7625,-44.3139,77.86,38,1,8.77,clear sky
72,Ushuaia,AR,-54.8,-68.3,37.42,90,68,7.43,light rain
73,Rio Verde De Mato Grosso,BR,-18.9181,-54.8442,84.78,26,70,0.72,broken clouds
74,Tuktoyaktuk,CA,69.4541,-133.0374,62.6,88,100,8.05,light rain
75,Penukonda,IN,14.0833,77.5833,72.19,79,100,12.08,overcast clouds
76,Havre-Saint-Pierre,CA,50.2334,-63.5986,61.84,88,89,17.85,overcast clouds
77,Saint-Philippe,RE,-21.3585,55.7679,67.59,80,67,19.42,light rain
78,Rocha,UY,-34.4833,-54.3333,49.37,82,2,4.88,clear sky
79,Port Elizabeth,ZA,-33.918,25.5701,63.32,90,53,1.01,broken clouds
80,Yulara,AU,-25.2406,130.9889,48.45,28,0,7.4,clear sky
81,Anadyr,RU,64.75,177.4833,50.5,53,40,29.08,scattered clouds
82,Privolzhye,RU,52.8649,48.6044,66.34,89,53,9.57,broken clouds
83,Marawi,PH,7.9986,124.2928,68.79,96,100,3.04,overcast clouds
84,Nanortalik,GL,60.1432,-45.2371,46.29,82,83,1.25,broken clouds
85,Laguna,US,38.421,-121.4238,101.75,20,0,5.99,clear sky
86,Cidreira,BR,-30.1811,-50.2056,57.81,91,0,6.02,clear sky
87,Bredasdorp,ZA,-34.5322,20.0403,54.45,84,100,2.19,overcast clouds
88,Ramanuj Ganj,IN,23.8,83.7,77.05,82,100,4.59,overcast clouds
89,Udachnyy,RU,66.4167,112.4,48.96,78,99,5.01,overcast clouds
90,Dikson,RU,73.5069,80.5464,43.79,81,99,13.04,overcast clouds
91,Vaini,TO,-21.2,-175.2,74.55,80,68,21.3,broken clouds
92,Requena,ES,39.4883,-1.1004,73.8,53,0,5.14,clear sky
93,Barrow,US,71.2906,-156.7887,45.23,74,100,12.68,overcast clouds
94,Monywa,MM,22.1167,95.1333,84.34,68,100,10.74,overcast clouds
95,Ilulissat,GL,69.2167,-51.1,51.82,62,20,3.44,few clouds
96,Amahai,ID,-3.3333,128.9167,75.43,91,68,2.24,broken clouds
97,Mahebourg,MU,-20.4081,57.7,69.26,70,72,23.31,light rain
98,Vanavara,RU,60.34,102.2797,57.02,97,100,2.37,moderate rain
99,Roald,NO,62.5833,6.1333,58.75,82,75,9.22,broken clouds
100,Jamestown,US,42.097,-79.2353,73.94,83,100,5.99,overcast clouds
101,Mar Del Plata,AR,-38.0023,-57.5575,51.82,76,20,10.0,few clouds
102,Lebu,CL,-37.6167,-73.65,47.53,70,88,6.42,overcast clouds
103,Ahipara,NZ,-35.1667,173.1667,59.63,85,79,12.06,broken clouds
104,Lorengau,PG,-2.0226,147.2712,80.53,76,96,4.94,overcast clouds
105,Xichang,CN,27.8964,102.2634,68.63,96,100,0.98,light rain
106,Temanggung,ID,-7.3162,110.1755,72.0,95,100,1.9,overcast clouds
107,Saskylakh,RU,71.9167,114.0833,43.47,79,100,13.22,overcast clouds
108,Bodden Town,KY,19.2833,-81.25,89.98,70,8,8.01,clear sky
109,Kyshtovka,RU,56.555,76.6271,56.37,80,94,6.58,overcast clouds
110,San Patricio,US,28.017,-97.5169,99.18,44,52,16.31,broken clouds
111,Talnakh,RU,69.4865,88.3972,55.54,63,96,3.98,overcast clouds
112,Hamina,FI,60.5697,27.1979,60.08,79,99,7.9,overcast clouds
113,Egvekinot,RU,66.3167,-179.1667,40.05,55,100,13.04,overcast clouds
114,Brae,GB,60.3964,-1.353,56.12,82,93,6.85,overcast clouds
115,Laela,TZ,-8.5667,32.05,55.56,66,24,3.47,few clouds
116,Pamplona,ES,42.8169,-1.6432,93.11,17,0,10.36,clear sky
117,Pevek,RU,69.7008,170.3133,32.83,80,100,1.99,overcast clouds
118,Port Hardy,CA,50.6996,-127.4199,58.01,84,100,4.61,overcast clouds
119,Nikolskoye,RU,59.7035,30.7861,53.49,91,49,3.94,scattered clouds
120,Chilca,PE,-12.5211,-76.7372,62.35,82,93,7.87,overcast clouds
121,Butaritari,KI,3.0707,172.7902,82.35,77,7,18.32,clear sky
122,Vardo,NO,70.3705,31.1107,55.38,82,32,6.91,scattered clouds
123,Quelimane,MZ,-17.8786,36.8883,66.27,94,4,0.29,clear sky
124,Cape Town,ZA,-33.9258,18.4232,57.11,82,16,8.01,few clouds
125,San Cristobal,VE,7.7669,-72.225,71.13,79,100,4.45,overcast clouds
126,Hambantota,LK,6.1241,81.1185,78.73,82,50,14.41,scattered clouds
127,Marsaxlokk,MT,35.8419,14.5431,81.21,74,0,8.05,clear sky
128,Manjeshwar,IN,12.7194,74.8861,76.15,85,100,2.89,overcast clouds
129,Berlevag,NO,70.8578,29.0864,64.4,72,0,4.61,clear sky
130,Tura,IN,25.5198,90.2201,74.25,97,98,5.14,overcast clouds
131,Sigli,ID,5.3848,95.9609,78.57,82,58,5.64,broken clouds
132,Poplar Bluff,US,36.757,-90.3929,91.33,66,43,1.01,scattered clouds
133,Begoro,GH,6.3871,-0.3774,68.67,86,99,5.68,overcast clouds
134,Dzaoudzi,YT,-12.7887,45.2699,71.49,83,0,3.44,clear sky
135,Onega,RU,63.9061,38.1404,55.31,78,88,2.66,overcast clouds
136,Tasiilaq,GL,65.6145,-37.6368,44.76,83,56,2.66,broken clouds
137,Khandyga,RU,62.6667,135.6,70.48,51,100,6.53,overcast clouds
138,Labuhan,ID,-6.8844,112.2051,75.61,86,98,6.69,overcast clouds
139,Sabancuy,MX,18.9667,-91.1833,86.11,68,75,10.31,broken clouds
140,Kilindoni,TZ,-7.9139,39.6668,76.23,74,27,15.99,scattered clouds
141,Karratha,AU,-20.7377,116.8463,67.06,70,1,4.23,clear sky
142,Ribeira Grande,PT,38.5167,-28.7,73.38,90,20,5.1,few clouds
143,Provideniya,RU,64.3833,-173.3,41.36,87,100,13.42,overcast clouds
144,Ranong,TH,9.9658,98.6348,79.03,89,96,5.91,overcast clouds
145,Silifke,TR,36.3778,33.9344,83.68,50,0,11.41,clear sky
146,Coquimbo,CL,-29.9533,-71.3436,61.23,60,0,3.91,clear sky
147,Plettenberg Bay,ZA,-34.0527,23.3716,59.97,85,91,5.37,overcast clouds
148,Faanui,PF,-16.4833,-151.75,76.73,67,86,8.05,overcast clouds
149,Luangwa,ZM,-15.6167,30.4167,61.34,73,14,2.39,few clouds
150,Bantou,CN,26.2151,117.4893,77.27,97,100,1.74,overcast clouds
151,Bayan,CN,46.0833,127.4,64.26,97,49,5.06,scattered clouds
152,Carnarvon,AU,-24.8667,113.6333,61.9,66,0,14.43,clear sky
153,Victoria,HK,22.2855,114.1577,86.38,82,100,5.01,overcast clouds
154,Taoudenni,ML,22.6783,-3.9836,100.81,6,0,5.39,clear sky
155,Kotka,FI,60.4664,26.9458,56.46,79,100,9.01,overcast clouds
156,Thompson,CA,55.7435,-97.8558,84.54,28,26,2.35,scattered clouds
157,Oranjemund,NA,-28.55,16.4333,55.8,93,27,6.73,scattered clouds
158,Ouesso,CG,1.6136,16.0517,70.09,99,100,0.63,overcast clouds
159,Bintulu,MY,3.1667,113.0333,76.46,80,100,2.89,overcast clouds
160,Estelle,US,29.8458,-90.1067,93.99,60,75,11.5,broken clouds
161,Norman Wells,CA,65.282,-126.8329,74.57,46,100,5.01,light rain
162,Pitimbu,BR,-7.4706,-34.8086,75.96,84,83,16.35,broken clouds
163,San Quintin,MX,30.4833,-115.95,76.1,61,1,10.71,clear sky
164,Mackay,AU,-21.15,149.2,53.69,84,0,8.34,clear sky
165,Codrington,AU,-38.2667,141.9667,46.47,75,100,5.06,overcast clouds
166,Georgetown,MY,5.4112,100.3354,82.33,92,20,2.3,few clouds
167,Ariquemes,BR,-9.9133,-63.0408,93.27,32,2,3.44,clear sky
168,Javanrud,IR,34.7961,46.5172,78.6,18,0,5.48,clear sky
169,Fortuna,US,40.5982,-124.1573,74.93,64,18,1.99,few clouds
170,Ahmadpur,IN,18.7,76.9333,72.18,90,97,10.87,overcast clouds
171,Fairbanks,US,64.8378,-147.7164,62.94,79,100,11.5,overcast clouds
172,Totness,SR,5.8833,-56.3167,80.17,87,56,7.65,broken clouds
173,Mayumba,GA,-3.432,10.6554,70.11,90,15,5.61,few clouds
174,Neepawa,CA,50.2289,-99.4664,79.81,70,20,12.33,few clouds
175,Schruns,AT,47.0709,9.9475,62.49,66,76,3.4,broken clouds
176,Mafinga,TZ,-7.25,35.0667,65.21,55,20,6.6,few clouds
177,Inhambane,MZ,-23.865,35.3833,68.56,88,4,2.95,clear sky
178,Beringovskiy,RU,63.05,179.3167,52.36,51,7,25.17,clear sky
179,Namatanai,PG,-3.6667,152.4333,79.52,77,96,7.81,overcast clouds
180,New Norfolk,AU,-42.7826,147.0587,42.93,86,89,2.51,overcast clouds
181,Pozo Colorado,PY,-23.4923,-58.7972,77.61,43,10,3.33,clear sky
182,Shingu,JP,33.7333,135.9833,79.84,87,100,8.75,moderate rain
183,The Valley,AI,18.217,-63.0578,85.82,75,4,19.19,clear sky
184,George,ZA,-33.963,22.4617,57.56,87,96,6.91,overcast clouds
185,Cape Coast,GH,5.1053,-1.2466,74.73,84,97,11.74,overcast clouds
186,Leningradskiy,RU,69.3833,178.4167,34.16,89,100,21.27,overcast clouds
187,Jiazi,CN,22.8779,116.067,81.59,91,100,7.78,overcast clouds
188,Colares,PT,38.7992,-9.4469,71.29,73,20,14.0,few clouds
189,Sokoni,TZ,-6.4333,39.55,76.1,77,4,16.22,clear sky
190,Beloha,MG,-25.1667,45.05,63.81,80,1,10.54,clear sky
191,Namibe,AO,-15.1961,12.1522,64.94,86,70,4.25,broken clouds
192,Asosa,ET,10.0667,34.5333,59.85,99,100,1.92,light rain
193,Ironton,US,38.5368,-82.6829,80.4,84,100,6.02,overcast clouds
194,Ulaanbaatar,MN,47.9077,106.8832,69.93,35,75,6.71,broken clouds
195,Meadow Lake,US,34.8014,-106.5436,98.29,19,26,7.14,scattered clouds
196,Adre,TD,13.4667,22.2,73.69,72,100,8.66,light rain
197,Kodiak,US,57.79,-152.4072,63.91,55,100,17.27,overcast clouds
198,Cap Malheureux,MU,-19.9842,57.6142,69.48,64,61,10.0,broken clouds
199,Taltal,CL,-25.4,-70.4833,64.08,64,12,4.27,few clouds
200,Yerofey Pavlovich,RU,53.9667,121.9667,60.13,97,10,2.28,clear sky
201,Severo-Kurilsk,RU,50.6789,156.125,55.11,90,95,6.8,overcast clouds
202,Hasaki,JP,35.7333,140.8333,79.2,83,100,14.61,overcast clouds
203,Boyolangu,ID,-8.1181,111.8935,74.39,89,92,2.26,overcast clouds
204,Tres Arroyos,AR,-38.3739,-60.2798,43.43,47,16,6.69,few clouds
205,Burayevo,RU,55.8407,55.4083,64.62,74,66,7.2,broken clouds
206,Kamaishi,JP,39.2667,141.8833,72.86,85,100,1.01,moderate rain
207,Amazar,RU,53.858,120.875,59.92,96,0,1.97,clear sky
208,Nelson Bay,AU,-32.7167,152.15,50.0,98,100,10.0,light rain
209,Ostersund,SE,63.1792,14.6357,51.62,93,100,4.61,overcast clouds
210,Harper,LR,4.375,-7.7169,74.44,78,92,9.8,overcast clouds
211,Westport,US,41.1415,-73.3579,80.15,96,100,14.97,mist
212,Black River,JM,18.0264,-77.8487,83.62,73,98,5.97,overcast clouds
213,Clyde River,CA,70.4692,-68.5914,41.18,79,54,5.84,broken clouds
214,Tallahassee,US,30.4383,-84.2807,87.85,74,75,1.99,broken clouds
215,Lafiagi,NG,8.8667,5.4167,77.2,75,72,3.96,broken clouds
216,Arraial Do Cabo,BR,-22.9661,-42.0278,71.46,88,20,4.61,few clouds
217,Kruisfontein,ZA,-34.0033,24.7314,59.88,91,73,2.1,broken clouds
218,Lazaro Cardenas,MX,17.9583,-102.2,86.09,65,100,8.46,overcast clouds
219,Firminy,FR,45.3873,4.2907,79.3,36,0,2.3,clear sky
220,Lipari,IT,38.4674,14.954,81.32,75,0,4.76,clear sky
221,Cherskiy,RU,68.75,161.3,56.21,50,46,7.31,scattered clouds
222,Maxixe,MZ,-23.8597,35.3472,67.53,90,3,2.33,clear sky
223,Gidam,IN,18.9833,81.4,72.1,96,98,3.78,overcast clouds
224,Khatanga,RU,71.9667,102.5,52.77,75,100,2.46,overcast clouds
225,Mareeba,AU,-17.0,145.4333,58.44,92,3,2.35,clear sky
226,Portland,US,45.5234,-122.6762,78.46,55,0,5.01,clear sky
227,Camaqua,BR,-30.8511,-51.8122,51.58,91,0,2.51,clear sky
228,Tuatapere,NZ,-46.1333,167.6833,44.94,89,100,1.36,overcast clouds
229,Porto Recanati,IT,43.4365,13.6613,78.24,58,0,5.14,clear sky
230,Port Keats,AU,-14.25,129.55,64.62,81,12,5.57,few clouds
231,Klyuchi,RU,52.2667,79.1667,58.55,66,3,7.94,clear sky
232,Northam,GB,51.0333,-4.2167,78.62,41,50,9.31,scattered clouds
233,Tual,ID,-5.6667,132.75,79.11,82,36,19.53,scattered clouds
234,Cockburn Town,TC,21.4612,-71.1419,85.96,62,40,12.66,scattered clouds
235,Basco,PH,20.4487,121.9702,84.78,79,61,14.72,broken clouds
236,Maryborough,AU,-25.5333,152.7,52.75,79,81,4.72,broken clouds
237,Lagoa,PT,39.05,-27.9833,69.96,88,98,12.26,overcast clouds
238,Le Vauclin,MQ,14.5452,-60.8388,84.25,65,40,13.8,scattered clouds
239,Vila Franca Do Campo,PT,37.7167,-25.4333,72.01,88,41,3.09,scattered clouds
240,Ponta Do Sol,PT,32.6667,-17.1,73.0,81,13,4.07,few clouds
241,Ostrovnoy,RU,68.0531,39.5131,54.09,89,8,9.42,clear sky
242,Mount Isa,AU,-20.7333,139.5,55.17,47,0,5.75,clear sky
243,Gobabis,NA,-22.45,18.9667,50.11,44,0,12.44,clear sky
244,Nemuro,JP,43.3236,145.575,60.46,99,100,5.77,overcast clouds
245,Winneba,GH,5.3511,-0.6231,74.19,84,97,10.42,overcast clouds
246,Antalaha,MG,-14.9003,50.2788,67.3,85,97,9.84,light rain
247,Bontang,ID,0.1333,117.5,78.48,84,100,0.96,overcast clouds
248,Campina Grande,BR,-7.2306,-35.8811,67.68,96,78,10.63,broken clouds
249,Asau,RO,46.4333,26.4,61.95,71,99,2.95,overcast clouds
250,Sena Madureira,BR,-9.0656,-68.6569,87.6,51,49,2.28,scattered clouds
251,East London,ZA,-33.0153,27.9116,68.9,36,7,8.19,clear sky
252,Longyearbyen,SJ,78.2186,15.6401,51.64,66,75,17.27,broken clouds
253,Henties Bay,NA,-22.116,14.2845,58.26,83,0,1.95,clear sky
254,General Roca,AR,-39.0333,-67.5833,53.62,27,85,7.63,overcast clouds
255,La Ronge,CA,55.1001,-105.2842,74.86,39,27,8.55,scattered clouds
256,Vestmannaeyjar,IS,63.4427,-20.2734,52.2,87,100,18.14,overcast clouds
257,Constitucion,CL,-35.3333,-72.4167,53.2,83,87,10.11,overcast clouds
258,San Vicente,AR,-26.6167,-54.1333,55.81,98,100,0.98,heavy intensity rain
259,Aripuana,BR,-9.1667,-60.6333,91.22,30,0,1.97,clear sky
260,Grand Gaube,MU,-20.0064,57.6608,69.39,63,64,13.0,broken clouds
261,Pangnirtung,CA,66.1451,-65.7125,50.0,63,99,3.22,overcast clouds
262,Alta Gracia,AR,-31.6529,-64.4283,57.88,33,2,8.55,clear sky
263,Ayacucho,PE,-13.1583,-74.2239,60.04,61,99,5.3,overcast clouds
264,Vao,NC,-22.6667,167.4833,72.73,86,100,14.25,light rain
265,Clyde,US,41.3042,-82.9752,84.54,54,54,6.82,broken clouds
266,Thinadhoo,MV,0.5333,72.9333,82.47,74,98,12.8,overcast clouds
267,Beya,RU,53.0533,90.9139,52.59,76,85,7.56,overcast clouds
268,Iqaluit,CA,63.7506,-68.5145,41.7,81,71,13.0,broken clouds
269,Nsanje,MW,-16.92,35.262,65.52,90,8,1.99,clear sky
270,Pisco,PE,-13.7,-76.2167,65.01,72,0,8.05,clear sky
271,Sao Filipe,CV,14.8961,-24.4956,75.76,82,19,9.75,few clouds
272,Ixtapa,MX,20.7,-105.2,89.22,55,20,12.66,few clouds
273,Makaryev,RU,57.8797,43.8069,57.34,98,99,5.82,light rain
274,Tuapse,RU,44.1125,39.0742,68.54,49,2,13.69,clear sky
275,Ust-Kuyga,RU,70.0167,135.6,41.79,85,100,10.49,overcast clouds
276,Isangel,VU,-19.55,169.2667,77.41,85,71,9.53,broken clouds
277,Miguel Auza,MX,24.2933,-103.4503,84.2,21,50,10.36,scattered clouds
278,Hailar,CN,49.2,119.7,63.18,89,100,3.06,overcast clouds
279,Mana,GF,5.6592,-53.7767,80.6,83,38,8.93,scattered clouds
280,Wakefield,GB,53.6809,-1.499,84.63,40,32,3.18,scattered clouds
281,Belaya Gora,RU,68.5333,146.4167,53.56,48,100,12.3,overcast clouds
282,Saltillo,MX,25.4167,-101.0,86.47,32,0,13.8,clear sky
283,Orocue,CO,4.7912,-71.3354,79.12,85,89,0.51,overcast clouds
284,Ossora,RU,59.2353,163.0719,61.56,83,87,4.0,overcast clouds
285,Port Blair,IN,11.6667,92.75,81.18,83,98,6.85,overcast clouds
286,Wonthaggi,AU,-38.6044,145.5913,46.89,67,60,10.89,broken clouds
287,Shimoda,JP,34.6667,138.95,77.11,93,100,14.92,overcast clouds
288,Port-Gentil,GA,-0.7193,8.7815,75.16,83,100,11.5,overcast clouds
289,Shubarshi,KZ,48.5872,57.1869,90.36,22,47,15.95,scattered clouds
290,Kostomuksha,RU,64.571,30.5767,53.8,93,100,4.25,overcast clouds
291,Yenagoa,NG,4.9247,6.2642,74.61,80,98,5.57,overcast clouds
292,Macapa,BR,0.0389,-51.0664,75.18,100,75,5.75,broken clouds
293,Auchi,NG,7.0667,6.2667,70.21,93,59,3.47,broken clouds
294,Bengkulu,ID,-3.8004,102.2655,75.36,88,3,3.36,clear sky
295,Manat,PH,7.5327,126.0173,72.1,97,100,2.75,moderate rain
296,Otane,NZ,-39.8833,176.6333,57.0,79,100,7.96,overcast clouds
297,Yeniseysk,RU,58.4497,92.1703,51.26,99,93,2.57,overcast clouds
298,Mitsamiouli,KM,-11.3847,43.2844,75.76,74,51,10.8,broken clouds
299,Booue,GA,-0.0921,11.9385,75.54,74,100,3.74,overcast clouds
300,Coari,BR,-4.085,-63.1414,91.24,47,61,3.02,broken clouds
301,Te Anau,NZ,-45.4167,167.7167,42.17,96,100,2.77,overcast clouds
302,Pekalongan,ID,-6.8886,109.6753,77.52,83,59,4.21,light rain
303,Tefe,BR,-3.3542,-64.7114,91.51,62,20,8.05,few clouds
304,Shakhovskaya,RU,56.0283,35.5097,48.2,84,6,7.83,clear sky
305,Worland,US,44.0169,-107.9554,99.75,18,20,5.75,light rain
306,Hamilton,US,39.1834,-84.5333,85.08,68,75,4.61,broken clouds
307,Lipno,PL,52.8444,19.1785,67.21,79,96,6.08,overcast clouds
308,Aksu,CN,41.1231,80.2644,80.15,25,6,5.48,clear sky
309,Illapel,CL,-31.6308,-71.1653,64.29,50,1,2.35,clear sky
310,Avarua,CK,-21.2078,-159.775,73.45,78,40,5.75,scattered clouds
311,Urbana,US,40.1106,-88.2073,87.12,63,75,5.01,broken clouds
312,Semey,KZ,50.4111,80.2275,61.83,52,46,5.46,scattered clouds
313,Kempele,FI,64.9131,25.5034,56.12,88,100,5.75,overcast clouds
314,Dubai,AE,25.2582,55.3047,98.53,39,0,5.75,clear sky
315,Hofn,IS,64.2539,-15.2082,50.97,83,73,8.66,broken clouds
316,Katsuura,JP,35.1333,140.3,78.87,88,100,18.03,overcast clouds
317,Aklavik,CA,68.2191,-135.0107,66.87,63,100,13.27,light rain
318,Shieli,KZ,44.1667,66.75,82.87,30,0,9.86,clear sky
319,Katangli,RU,51.7102,143.2326,50.65,98,100,11.9,overcast clouds
320,Cayenne,GF,4.9333,-52.3333,83.08,1,46,1.14,scattered clouds
321,Canandaigua,US,42.8742,-77.288,77.14,84,100,8.99,overcast clouds
322,Narsaq,GL,60.9167,-46.05,61.02,70,100,5.01,overcast clouds
323,Donskoye,RU,45.4552,41.9741,71.73,58,98,9.57,overcast clouds
324,Batticaloa,LK,7.7102,81.6924,79.52,85,78,5.99,broken clouds
325,Hobyo,SO,5.3505,48.5268,76.01,79,62,24.81,broken clouds
326,Port Lincoln,AU,-34.7333,135.8667,52.57,63,100,8.97,overcast clouds
327,Lavrentiya,RU,65.5833,-171.0,38.21,73,99,14.76,overcast clouds
328,Leh,IN,34.1667,77.5833,66.52,37,54,3.53,broken clouds
329,Sechura,PE,-5.5569,-80.8222,72.01,62,91,11.63,overcast clouds
330,Gazanjyk,TM,39.2446,55.5154,93.81,11,0,10.65,clear sky
331,Energetik,RU,51.7445,58.7934,71.92,53,100,8.63,overcast clouds
332,Nuuk,GL,64.1835,-51.7216,50.61,62,75,3.44,broken clouds
333,Linkou,CN,45.3,130.2833,63.28,97,72,2.3,broken clouds
334,Warmbad,NA,-28.45,18.7333,63.5,28,0,8.25,clear sky
335,Malgobek,RU,43.5092,44.5931,71.49,60,88,5.93,overcast clouds
336,Balabac,PH,7.9868,117.0645,80.11,81,100,5.66,overcast clouds
337,Fort Nelson,CA,58.8053,-122.7002,77.07,39,99,4.25,overcast clouds
338,Warah,PK,27.4481,67.7978,89.19,65,45,2.51,scattered clouds
339,Belmonte,BR,-15.8631,-38.8828,72.45,73,24,7.34,few clouds
340,Beipiao,CN,41.7919,120.7792,66.42,73,0,2.71,clear sky
341,College,US,64.8569,-147.8028,62.92,79,100,13.8,light rain
342,Faya,SA,18.3851,42.4509,68.52,38,60,3.69,broken clouds
343,Luderitz,NA,-26.6481,15.1594,58.24,82,0,11.81,clear sky
344,Starobaltachevo,RU,56.0013,55.9213,63.95,76,44,8.95,scattered clouds
345,Kralendijk,BQ,12.15,-68.2667,84.18,70,20,24.16,few clouds
346,Sinnamary,GF,5.3833,-52.95,80.19,84,29,8.63,scattered clouds
347,Turukhansk,RU,65.8167,87.9833,58.3,65,100,11.56,overcast clouds
348,Maldonado,UY,-34.6667,-54.9167,51.22,86,4,5.99,clear sky
349,Cabedelo,BR,-6.9811,-34.8339,75.87,85,42,16.75,scattered clouds
350,Carballo,ES,43.213,-8.691,69.87,75,2,6.91,clear sky
351,Wewak,PG,-3.5534,143.6268,77.54,85,96,3.06,heavy intensity rain
352,Zhigansk,RU,66.7697,123.3711,52.14,83,100,14.9,overcast clouds
353,Abu Dhabi,AE,24.4667,54.3667,96.91,58,0,4.61,clear sky
354,Dunedin,NZ,-45.8742,170.5036,50.81,91,100,1.99,light rain
355,Mildura,AU,-34.2,142.15,43.07,87,6,9.75,clear sky
356,Haines Junction,CA,60.7522,-137.5108,54.73,65,98,7.05,overcast clouds
357,Naze,JP,28.3667,129.4833,80.4,88,100,16.78,overcast clouds
358,Batemans Bay,AU,-35.7167,150.1833,48.09,77,76,7.36,broken clouds
359,Deputatskiy,RU,69.3,139.9,42.67,87,100,4.29,light rain
360,Bukama,CD,-9.2,25.85,71.31,40,43,1.34,scattered clouds
361,Innisfail,AU,-17.5333,146.0333,61.27,91,3,5.61,clear sky
362,Salalah,OM,17.0151,54.0924,78.89,89,100,3.44,overcast clouds
363,Sibolga,ID,1.7427,98.7792,77.13,84,98,2.91,overcast clouds
364,Vostok,RU,46.4856,135.8833,60.22,92,97,1.23,overcast clouds
365,Samarai,PG,-10.6167,150.6667,79.45,83,23,8.43,few clouds
366,Maues,BR,-3.3836,-57.7186,90.37,50,79,1.83,broken clouds
367,Maloy,NO,61.9353,5.1136,55.13,84,98,9.17,overcast clouds
368,Esperance,AU,-33.8667,121.9,51.64,88,51,5.26,broken clouds
369,Saldanha,ZA,-33.0117,17.9442,56.37,78,0,12.84,clear sky
370,Voyvozh,RU,62.892,54.9635,60.03,72,78,4.76,broken clouds
371,Dingle,PH,10.9995,122.6711,75.42,95,100,3.65,overcast clouds
372,Havoysund,NO,70.9963,24.6622,53.83,96,96,6.87,overcast clouds
373,Geraldton,AU,-28.7667,114.6,55.81,88,100,11.5,overcast clouds
374,Muhos,FI,64.808,25.9931,55.89,91,100,3.83,overcast clouds
375,Solnechnyy,RU,50.7214,136.6319,56.3,99,100,5.68,light rain
376,Tigzirt,DZ,36.8886,4.1198,77.9,76,0,9.01,clear sky
377,Waipawa,NZ,-41.4122,175.5153,52.65,70,100,9.1,overcast clouds
378,Bobo Dioulasso,BF,11.1771,-4.2979,73.11,91,96,5.3,overcast clouds
379,Flinders,AU,-34.5833,150.8552,49.17,71,49,11.01,light rain
380,Moen,NO,69.1304,18.6123,52.86,93,75,0.0,broken clouds
381,Fomboni,KM,-12.28,43.7425,76.6,67,50,13.29,scattered clouds
382,Bambanglipuro,ID,-7.95,110.2833,74.26,90,100,5.93,overcast clouds
383,Clinton,US,42.587,-82.9199,92.71,45,20,3.44,few clouds
384,Shihezi,CN,44.3,86.0333,73.35,48,31,2.37,scattered clouds
385,Vila Praia De Ancora,PT,41.811,-8.8526,69.12,94,11,8.37,few clouds
386,Hirara,JP,24.8,125.2833,84.43,86,100,19.39,overcast clouds
387,Souillac,MU,-20.5167,57.5167,68.99,72,61,21.36,light rain
388,Bin Qirdan,TN,33.1378,11.2197,80.64,67,0,10.78,clear sky
389,Caucaia,BR,-3.7361,-38.6531,80.55,69,0,9.22,clear sky
390,Huangnihe,CN,43.5583,128.0239,61.27,98,64,1.81,broken clouds
391,Aracuai,BR,-16.8497,-42.0703,74.28,57,62,9.66,broken clouds
392,Opotiki,NZ,-38.0833,177.2833,61.39,86,100,12.08,overcast clouds
393,Avera,US,33.194,-82.5271,91.45,46,67,9.53,broken clouds
394,Powell River,CA,49.8496,-124.5361,69.08,68,75,6.08,broken clouds
395,Puerto Escondido,MX,15.85,-97.0667,85.91,70,14,6.82,few clouds
396,Wenatchee,US,47.4235,-120.3103,83.05,33,0,13.8,clear sky
397,Bay Roberts,CA,47.5999,-53.2648,76.51,70,20,7.0,few clouds
398,San Carlos,VE,9.6612,-68.5827,80.35,90,55,2.71,broken clouds
399,Ancud,CL,-41.8697,-73.8203,44.22,71,12,7.54,few clouds
400,Airai,TL,-8.9266,125.4092,50.47,54,95,2.51,overcast clouds
401,Saint George,US,37.1041,-113.5841,102.43,23,0,5.75,clear sky
402,Tandil,AR,-37.3217,-59.1332,41.68,52,37,5.99,scattered clouds
403,Baykit,RU,61.67,96.37,56.03,98,100,4.05,light rain
404,Alta Floresta,BR,-9.8756,-56.0861,90.28,22,1,4.32,clear sky
405,Polyarnyye Zori,RU,67.3661,32.4981,53.85,93,96,4.54,overcast clouds
406,Khani,GE,41.9563,42.9566,63.97,99,100,2.06,overcast clouds
407,Torbay,CA,47.6666,-52.7314,75.76,67,18,12.73,few clouds
408,Banda Aceh,ID,5.5577,95.3222,78.96,79,28,9.75,scattered clouds
409,Laukaa,RU,58.7372,29.8453,50.85,77,77,3.94,broken clouds
410,Ukiah,US,39.1502,-123.2078,101.44,19,0,6.91,clear sky
411,Sulangan,PH,11.1373,123.7228,78.91,88,100,12.8,light rain
412,Valparaiso,CL,-33.0393,-71.6273,66.43,51,0,6.91,clear sky
413,Nome,US,64.5011,-165.4064,41.07,87,100,24.16,moderate rain
414,Gat,IL,31.61,34.7642,79.48,79,0,1.01,clear sky
415,Dudinka,RU,69.4058,86.1778,56.62,72,80,10.18,broken clouds
416,Ola,RU,59.5833,151.2833,57.15,87,96,5.03,overcast clouds
417,Kuching,MY,1.55,110.3333,77.22,94,20,1.14,few clouds
418,Okhotsk,RU,59.3833,143.3,57.99,88,100,0.85,overcast clouds
419,Santona,ES,43.4439,-3.4576,72.7,85,98,13.09,overcast clouds
420,Storforshei,NO,66.4043,14.5233,50.67,93,75,0.0,broken clouds
421,Kargopol,RU,61.5071,38.9456,56.39,74,99,4.59,overcast clouds
422,Quatre Cocos,MU,-20.2078,57.7625,69.1,70,67,21.92,light rain
423,Sitka,US,57.0531,-135.33,53.49,94,100,8.05,light rain
424,Albert Lea,US,43.648,-93.3683,88.99,55,0,10.36,clear sky
425,Whitehorse,CA,60.7161,-135.0538,61.02,54,100,4.0,overcast clouds
426,Jodar,ES,37.8406,-3.3526,87.49,27,55,5.26,broken clouds
427,Yarada,IN,17.65,83.2667,80.92,89,75,4.61,mist
428,La Asuncion,VE,11.0333,-63.8628,80.69,77,9,18.16,clear sky
429,Margate,GB,51.3813,1.3862,75.69,46,63,1.99,broken clouds
430,Ambon,ID,-3.6954,128.1814,76.23,16,75,2.3,broken clouds
431,Yeppoon,AU,-23.1333,150.7333,47.98,85,3,5.66,clear sky
432,Sao Joao Da Barra,BR,-21.6403,-41.0511,73.49,89,0,10.63,clear sky
433,Port Hedland,AU,-20.3167,118.5667,55.45,94,2,6.91,clear sky
434,Itoman,JP,26.1247,127.6694,84.58,94,20,9.22,few clouds
435,Tevriz,RU,57.509,72.4042,55.18,80,67,3.96,broken clouds
436,Buala,SB,-8.145,159.5921,81.61,73,31,5.37,scattered clouds
437,Manggar,ID,-2.8833,108.2667,80.69,80,75,9.13,broken clouds
438,Diamantino,BR,-14.4086,-56.4461,87.49,22,5,4.07,clear sky
439,Maralal,KE,1.0968,36.698,57.72,74,71,5.61,broken clouds
440,Baruun-Urt,MN,46.6806,113.2792,60.46,47,0,2.93,clear sky
441,Araouane,ML,18.9048,-3.5265,93.81,32,25,12.64,light rain
442,Chuzhou,CN,32.3219,118.2978,74.32,92,98,2.66,overcast clouds
443,Boa Vista,BR,2.8197,-60.6733,80.58,83,75,5.75,moderate rain
444,Krasnoye,UA,49.9145,24.6134,57.29,76,34,1.34,scattered clouds
445,Praia,CV,14.9215,-23.5087,75.65,84,74,15.95,broken clouds
446,Cermik,TR,38.1361,39.4493,84.07,35,0,6.51,clear sky
447,Darasun,RU,51.6667,114.0,54.88,66,0,1.39,clear sky
448,Felanitx,ES,39.4696,3.1483,84.72,62,0,3.0,clear sky
449,Omsukchan,RU,62.5333,155.8,67.42,62,81,5.5,broken clouds
450,Krasnoselkup,RU,65.7,82.4667,49.48,89,72,9.66,broken clouds
451,Dzhubga,RU,44.3211,38.7039,67.82,51,0,12.59,clear sky
452,Abu Samrah,SY,35.3029,37.1841,82.02,44,0,9.37,clear sky
453,Kuito,AO,-12.3833,16.9333,56.08,39,3,1.21,clear sky
454,Cabinda,AO,-5.55,12.2,70.99,87,25,5.66,scattered clouds
455,Nyimba,ZM,-14.5566,30.8149,64.62,59,4,8.55,clear sky
456,Maningrida,AU,-12.0667,134.2667,63.28,93,100,7.63,overcast clouds
457,Noumea,NC,-22.2763,166.4572,73.99,99,98,7.4,light rain
458,Astoria,US,46.1879,-123.8313,68.43,67,100,3.44,overcast clouds
459,Sorland,NO,67.667,12.6934,51.66,84,84,12.8,broken clouds
460,Caravelas,BR,-17.7125,-39.2481,71.15,75,49,5.14,scattered clouds
461,Kutum,SD,14.2,24.6667,83.41,36,54,3.09,broken clouds
462,Kuusamo,FI,65.9667,29.1833,55.44,82,0,1.14,clear sky
463,Saint-Augustin,CA,51.226,-58.6502,72.37,56,84,18.41,broken clouds
464,Ntcheu,MW,-14.8203,34.6359,59.29,77,64,3.89,broken clouds
465,Topchikha,RU,52.8192,83.1185,52.39,93,45,7.72,scattered clouds
466,Nurota,UZ,40.5614,65.6886,81.0,27,0,14.72,clear sky
467,Tahe,CN,52.3333,124.7333,62.19,88,97,1.86,overcast clouds
468,Sogne,NO,58.0833,7.8167,66.06,73,78,1.01,broken clouds
469,Alugan,PH,12.2188,125.4808,79.54,81,90,7.16,overcast clouds
470,Marrakesh,MA,31.6315,-8.0083,89.67,40,40,11.5,scattered clouds
471,Funadhoo,MV,6.15,73.2667,80.8,77,100,15.99,overcast clouds
472,Hami,CN,42.8,93.45,76.35,36,87,6.42,overcast clouds
473,Log,RU,49.4844,43.8613,63.93,56,0,8.46,clear sky
474,Yaan,NG,7.3833,8.5667,74.71,77,79,5.26,broken clouds
475,Luau,AO,-10.7073,22.2247,61.74,41,9,6.06,clear sky
476,Trat,TH,12.5,102.5,82.9,91,100,1.07,overcast clouds
477,Tulum,MX,20.2167,-87.4667,88.66,56,25,7.31,scattered clouds
478,Palatka,US,29.6486,-81.6376,81.23,44,78,8.79,moderate rain
479,Batagay-Alyta,RU,67.8006,130.4114,48.31,92,100,5.77,overcast clouds
480,Melo,UY,-32.3667,-54.1833,48.38,81,28,1.7,scattered clouds
481,Willowmore,ZA,-33.2926,23.4895,56.32,47,22,7.94,few clouds
482,Hammerfest,NO,70.6634,23.6821,50.45,100,75,3.44,broken clouds
483,Atambua,ID,-9.1061,124.8925,63.05,81,100,6.35,overcast clouds
484,Biarritz,FR,43.4801,-1.5556,77.45,88,100,14.97,overcast clouds
485,Jumla,NP,29.2747,82.1838,64.51,91,88,1.25,overcast clouds
486,Chalus,IR,36.655,51.4204,83.84,60,4,1.28,clear sky
487,Temple,US,31.0982,-97.3428,106.65,26,0,14.97,clear sky
488,San Isidro,PE,-12.1167,-77.05,62.19,72,75,9.22,broken clouds
489,Soyo,AO,-6.1349,12.3689,70.86,86,4,6.76,clear sky
490,Mecca,SA,21.4267,39.8261,89.19,23,35,4.94,scattered clouds
491,Santa Rosa,PH,14.3122,121.1114,79.09,89,100,1.36,overcast clouds
492,Xixiang,CN,35.1628,112.865,81.28,51,100,7.76,moderate rain
493,Hopelchen,MX,19.7667,-89.85,98.15,33,87,6.46,overcast clouds
494,Miranda De Ebro,ES,42.6865,-2.947,86.45,34,74,1.72,broken clouds
495,Necochea,AR,-38.5473,-58.7368,45.52,71,7,10.98,clear sky
496,Sabang,ID,5.8933,95.3214,82.4,73,15,13.96,few clouds
497,Faro,PT,37.0194,-7.9322,78.58,44,0,11.5,clear sky
498,Raca,RS,44.2271,20.9775,63.01,39,55,2.8,broken clouds
499,Areosa,PT,41.7178,-8.8571,64.69,94,12,8.16,few clouds
500,Churapcha,RU,62.0025,132.4325,69.46,53,100,11.83,overcast clouds
501,Carutapera,BR,-1.195,-46.02,78.93,82,75,9.55,broken clouds
502,Pemba,MZ,-12.974,40.5178,73.89,75,12,10.96,few clouds
503,Codajas,BR,-3.8367,-62.0569,91.31,48,92,4.47,overcast clouds
504,Edson,CA,53.5835,-116.4356,81.16,23,1,5.68,clear sky
505,Ornskoldsvik,SE,63.2909,18.7153,54.55,94,75,5.75,broken clouds
506,Taperoa,BR,-7.2075,-36.8267,73.51,73,99,15.3,overcast clouds
507,Hun,LY,29.1268,15.9477,82.33,37,0,14.03,clear sky
508,Mackenzie,CA,55.2999,-123.1698,71.76,51,96,8.12,overcast clouds
509,Nantucket,US,41.2835,-70.0995,76.08,94,100,9.22,mist
510,Olinda,BR,-8.0089,-34.8553,78.53,69,75,16.11,broken clouds
511,Beisfjord,NO,68.3751,17.5988,54.05,93,98,2.48,overcast clouds
512,Darhan,MN,49.4867,105.9228,63.25,58,28,4.61,scattered clouds
513,Juneau,US,58.3019,-134.4197,58.21,88,100,5.75,light rain
514,Yarkovo,RU,57.4028,67.0786,57.78,79,21,3.98,few clouds
515,Pacifica,US,37.6138,-122.4869,93.22,75,20,20.71,mist
516,Calabozo,VE,8.9242,-67.4293,81.84,84,54,5.61,broken clouds
517,La Sarre,CA,48.8002,-79.1996,82.58,53,58,6.08,broken clouds
518,Muros,ES,42.7762,-9.0603,68.09,77,10,10.11,clear sky
519,Barra Do Garcas,BR,-15.89,-52.2567,82.85,20,1,4.47,clear sky
520,Indian Head,US,38.6001,-77.1622,93.34,58,20,10.36,few clouds
521,Kieta,PG,-6.2167,155.6333,79.36,79,45,3.2,scattered clouds
522,Littleton,US,39.6133,-105.0166,98.31,25,75,6.91,broken clouds
523,Dodge City,US,37.7528,-100.0171,99.23,24,0,13.8,clear sky
524,Russkaya Polyana,UA,49.417,31.9201,57.94,69,45,5.46,scattered clouds
525,Kanniyakumari,IN,8.0833,77.5667,78.91,79,99,19.1,overcast clouds
526,Tautira,PF,-17.7333,-149.15,75.45,74,16,7.18,light rain
527,Maun,BW,-19.9833,23.4167,54.36,53,0,5.77,clear sky
528,Saint Anthony,US,45.0205,-93.218,97.66,43,0,13.8,clear sky
529,Appingedam,NL,53.3217,6.8583,71.1,76,10,3.67,clear sky
530,San Carlos De Bariloche,AR,-41.1456,-71.3082,37.15,60,0,8.05,clear sky
531,Vagur,FO,61.4732,-6.8119,51.3,85,100,13.38,overcast clouds
532,Baracoa,CU,20.3467,-74.4958,84.33,72,8,10.74,clear sky
533,Tiznit,MA,29.5833,-9.5,81.59,46,61,2.55,broken clouds
534,Sochi,RU,43.6,39.7303,71.69,70,81,5.39,broken clouds
535,Avigliana,IT,45.0771,7.3986,82.8,56,88,5.86,overcast clouds
536,Wladyslawowo,PL,54.7909,18.4009,66.0,77,100,8.37,overcast clouds
537,Bulungu,CD,-4.55,18.6,75.58,69,84,2.8,broken clouds
538,Gazli,UZ,40.1333,63.45,90.55,21,0,20.94,clear sky
539,Richards Bay,ZA,-28.783,32.0377,67.89,79,0,12.77,clear sky
540,Guerrero Negro,MX,27.9769,-114.0611,83.23,46,4,11.9,clear sky
541,Yate,GB,51.5407,-2.4184,83.91,38,1,1.99,clear sky
542,Poli,TZ,-3.3333,36.8,54.28,88,59,3.6,broken clouds
543,Paamiut,GL,61.994,-49.6678,44.85,82,100,2.08,overcast clouds
544,Itarema,BR,-2.9248,-39.9167,78.24,71,30,15.79,scattered clouds
545,Show Low,US,34.2542,-110.0298,89.65,29,40,9.22,scattered clouds
546,Lewisburg,US,35.4492,-86.7889,83.08,77,40,4.61,scattered clouds
547,Goderich,CA,43.7501,-81.7165,75.9,78,3,8.34,clear sky
548,Oyon,PE,-10.6681,-76.7731,50.85,70,87,8.03,overcast clouds
549,San Andres,CO,12.5847,-81.7006,86.02,79,100,14.97,overcast clouds
550,Radomsko,PL,51.0671,19.4448,61.52,54,31,6.04,scattered clouds
551,Tilichiki,RU,60.4667,166.1,58.62,62,100,2.86,overcast clouds
552,Lipin Bor,RU,60.2622,37.9763,58.69,75,100,8.32,overcast clouds
553,Capreol,CA,46.706,-80.9225,86.56,31,4,7.65,clear sky
554,Sehithwa,BW,-20.4667,22.7167,55.62,50,0,6.31,clear sky
555,Fare,PF,-16.7,-151.0167,75.94,69,13,5.17,few clouds
556,Teshie,GH,5.5836,-0.1072,76.35,77,93,12.39,overcast clouds
557,Cascais,PT,38.6979,-9.4215,71.47,72,20,14.0,few clouds
558,Heihe,CN,50.2441,127.4902,63.18,88,72,1.77,broken clouds
559,Boden,SE,65.8252,21.6886,53.6,92,80,3.02,broken clouds
560,Amuntai,ID,-2.4177,115.2494,72.54,95,76,1.32,broken clouds
561,Virginia Beach,US,36.8529,-75.978,95.0,62,75,10.36,broken clouds
562,Maple Creek,CA,49.9168,-109.4848,81.3,46,82,18.79,broken clouds
563,Gediz,TR,39.0417,29.41,57.31,60,0,8.41,clear sky
564,Bagdarin,RU,54.4333,113.6,52.59,82,50,1.28,scattered clouds
565,Bella Union,UY,-30.2752,-57.6007,56.44,72,32,5.35,scattered clouds
566,Kahului,US,20.8947,-156.47,84.22,65,40,24.16,scattered clouds
567,Bowen,AU,-20.0167,148.2333,58.98,78,0,7.02,clear sky
568,Mandera,KE,3.9366,41.867,78.8,59,94,19.75,overcast clouds
569,Yingcheng,CN,30.95,113.55,78.4,77,100,1.23,overcast clouds
570,Port Maria,JM,18.3685,-76.8895,93.06,78,16,8.9,few clouds
571,Luxor,EG,25.6989,32.6421,89.02,17,8,8.63,clear sky
572,Grindavik,IS,63.8424,-22.4338,54.07,82,75,5.75,broken clouds
573,Atar,MR,20.5169,-13.0499,97.59,24,52,5.32,broken clouds
574,Kloulklubed,PW,7.0419,134.2556,82.62,69,99,2.42,overcast clouds
575,Port Hawkesbury,CA,45.6169,-61.3485,85.87,66,58,11.59,broken clouds
576,Basar,IN,27.9833,94.6667,73.04,100,100,1.59,overcast clouds
577,Tutoia,BR,-2.7619,-42.2744,79.43,78,42,10.71,scattered clouds
578,Pacific Grove,US,36.6177,-121.9166,86.38,74,0,8.05,clear sky
579,Sobolevo,RU,54.4299,31.8996,55.63,86,92,5.61,overcast clouds
580,Broken Hill,AU,-31.95,141.4333,38.44,71,5,6.82,clear sky
581,Cap-Aux-Meules,CA,47.3821,-61.8597,65.86,88,95,9.15,overcast clouds
582,Domoni,KM,-12.2569,44.5319,73.24,78,39,5.48,scattered clouds
583,Awbari,LY,26.5921,12.7805,84.43,18,0,7.58,clear sky
584,Beyneu,KZ,45.3167,55.2,91.74,21,0,19.37,clear sky
585,Yabelo,ET,4.8833,38.0833,61.86,60,89,8.61,overcast clouds
586,Kyabe,TD,9.4515,18.9449,72.25,91,84,2.82,broken clouds
587,Kaka,TM,37.3482,59.6143,89.33,13,0,6.49,clear sky
588,Oga,IT,46.4631,10.347,61.34,76,98,1.5,overcast clouds
589,Suleja,NG,9.1758,7.1808,70.75,90,78,2.1,broken clouds
590,Kupang,ID,-10.1667,123.5833,69.08,79,58,10.04,broken clouds
591,Aykhal,RU,66.0,111.5,46.38,91,100,5.32,overcast clouds
592,Merville,FR,50.6433,2.6413,79.34,51,17,3.96,few clouds
593,Belyy Yar,RU,53.6039,91.3903,58.89,74,0,6.71,clear sky
594,Daru,PG,-9.0763,143.2092,76.69,91,87,16.53,overcast clouds
595,Bereda,ES,43.2686,-7.5406,60.67,92,17,0.31,few clouds
596,Marshall,US,34.3834,-86.3333,84.07,61,0,5.75,clear sky
597,Mangit,UZ,40.5971,70.9607,85.96,18,0,10.36,clear sky
598,Gashua,NG,12.871,11.0482,79.38,70,58,7.78,broken clouds
599,Sarangani,PH,5.4033,125.4636,81.14,75,100,8.55,overcast clouds
600,Tongchuan,CN,35.0806,109.0897,66.36,89,100,4.21,moderate rain
601,Birao,CF,10.2849,22.7882,72.48,90,90,4.72,light rain
602,Saint-Pierre,RE,-21.3393,55.4781,67.68,70,75,31.07,broken clouds
603,Veseloyarsk,RU,51.2836,81.1056,55.22,73,0,4.07,clear sky
604,Siocon,PH,7.7061,122.1353,76.64,89,100,4.34,overcast clouds
605,Kudahuvadhoo,MV,2.6708,72.8944,81.46,75,100,13.8,overcast clouds
606,Sivaki,RU,52.6333,126.75,65.21,86,99,2.06,overcast clouds
607,Suluq,LY,31.6682,20.2521,81.97,35,0,17.56,clear sky
608,La Palma,US,33.8464,-118.0467,101.97,56,20,10.36,few clouds
609,Gawler,AU,-34.6,138.7333,48.47,90,100,6.49,overcast clouds
610,Nhulunbuy,AU,-12.2333,136.7667,72.21,94,40,5.75,scattered clouds
611,Ambilobe,MG,-13.2,49.05,65.64,69,78,6.93,broken clouds
612,Feicheng,CN,35.2606,117.9675,75.07,86,83,1.95,broken clouds
613,Alofi,NU,-19.0595,-169.9187,76.89,73,75,14.97,broken clouds
614,Morbach,DE,49.8167,7.1167,79.12,42,0,8.05,clear sky
615,Aloleng,PH,16.1307,119.7824,80.64,82,63,6.06,broken clouds
616,Paragould,US,36.0584,-90.4973,88.09,67,65,2.59,broken clouds
617,Somerset,US,40.5668,-74.5496,91.81,65,75,9.22,broken clouds
618,Ambanja,MG,-13.6833,48.45,67.41,75,22,4.54,few clouds
619,Kerema,PG,-7.9631,145.7785,76.23,90,80,5.46,broken clouds
620,Yerbogachen,RU,61.2767,108.0108,55.63,88,41,5.26,scattered clouds
621,Sola,VU,-13.8833,167.55,81.07,75,25,21.3,scattered clouds
622,Makubetsu,JP,45.3714,141.8211,61.63,85,87,5.37,overcast clouds
623,Murwillumbah,AU,-28.3167,153.4,57.22,62,2,8.05,clear sky
624,Palu,ID,-0.8917,119.8707,74.97,90,98,2.89,overcast clouds
625,Madimba,TZ,-10.4,40.3333,69.87,90,88,9.22,overcast clouds
626,Ahuimanu,US,21.4447,-157.8378,83.91,82,100,17.27,light rain
627,Ailigandi,PA,9.2333,-78.0167,84.47,74,92,4.21,overcast clouds
628,Fukue,JP,32.6881,128.8419,80.04,91,100,28.1,light rain
629,Sri Aman,MY,1.2376,111.4621,73.92,87,100,1.19,overcast clouds
630,Le Port,RE,-20.9373,55.2919,68.0,76,11,9.66,few clouds
631,Mogadishu,SO,2.0371,45.3438,75.43,83,81,18.59,light rain
632,Bathsheba,BB,13.2167,-59.5167,84.81,83,40,20.71,scattered clouds
633,Merauke,ID,-8.4667,140.3333,75.78,89,80,12.33,broken clouds
634,Tabou,CI,4.423,-7.3528,75.15,76,96,9.62,overcast clouds
635,Bairiki,KI,1.3292,172.9752,84.2,70,20,10.36,few clouds
636,Axim,GH,4.8699,-2.2405,74.95,78,96,8.68,overcast clouds
637,Santa Cruz,BO,-17.8,-63.1667,80.06,57,75,11.5,broken clouds
638,Chestermere,CA,51.0334,-113.8187,60.04,85,100,12.66,overcast clouds
639,Bharatpur,IN,27.2167,77.4833,93.4,48,56,4.59,broken clouds
640,Sur,OM,22.5667,59.5289,84.94,86,17,8.12,few clouds
641,Longyan,CN,25.1072,117.0225,75.6,99,100,2.89,overcast clouds
642,Tumpat,MY,6.1978,102.171,78.73,89,100,3.65,light rain
643,Willmar,US,45.1219,-95.0433,95.18,36,0,6.91,clear sky
644,Raymond,US,43.9015,-70.4703,74.1,87,100,4.27,moderate rain
645,Punta Cardon,VE,11.6581,-70.215,82.36,74,39,31.65,scattered clouds
646,Washougal,US,45.5826,-122.3534,78.91,57,0,10.36,clear sky
647,Baturaja,ID,-4.1333,104.1667,73.27,98,85,2.62,overcast clouds
648,Durango,MX,24.8333,-104.8333,84.16,24,70,12.19,broken clouds
649,Manzanillo,CU,20.3433,-77.1167,94.3,43,23,6.73,few clouds
650,Chihuahua,MX,28.5,-106.0,92.23,19,27,13.06,scattered clouds
651,Chistogorskiy,RU,53.9835,87.3843,52.29,97,82,4.12,light rain
652,Kavieng,PG,-2.5744,150.7967,82.29,77,100,12.1,overcast clouds
653,Kesinga,IN,20.2,83.2333,75.92,87,97,4.18,overcast clouds
654,Jalu,LY,29.0331,21.5482,88.77,18,0,8.77,clear sky
655,Adrar,MR,20.5022,-10.0711,102.4,16,76,3.13,broken clouds
656,Vytegra,RU,61.0064,36.4481,56.01,75,41,2.04,scattered clouds
657,Stawell,AU,-37.05,142.7667,42.89,62,95,8.46,overcast clouds
658,Agadir,MA,30.4202,-9.5982,77.45,74,38,6.31,scattered clouds
659,Danshui,CN,22.7984,114.4672,81.75,87,100,1.74,overcast clouds
660,Peniche,PT,39.3558,-9.3811,69.3,86,4,9.73,clear sky
661,Vanimo,PG,-2.6741,141.3028,75.87,90,86,2.82,overcast clouds
662,Saint-Leu,RE,-21.15,55.2833,67.32,70,6,7.7,clear sky
663,Dustlik,UZ,40.5247,68.0358,77.23,32,0,5.32,clear sky
664,Kushima,JP,31.4583,131.2333,80.55,90,100,12.33,overcast clouds
665,Odate,JP,40.2686,140.5683,67.95,98,98,2.04,light rain
666,Paita,PE,-5.0892,-81.1144,67.96,74,75,15.68,broken clouds
667,Gravdal,NO,68.1214,13.5031,53.49,94,75,5.75,broken clouds
668,Bucak,TR,37.4592,30.595,72.12,49,0,8.68,clear sky
669,Xihe,CN,31.6864,113.4659,78.37,81,100,4.27,overcast clouds
670,Maragogi,BR,-9.0122,-35.2225,75.4,82,9,12.44,clear sky
671,San Rafael,AR,-34.6177,-68.3301,49.42,32,62,6.91,broken clouds
672,Wakkanai,JP,45.4094,141.6739,62.37,85,85,7.2,overcast clouds
673,Ormara,PK,25.2088,64.6357,83.17,87,44,8.43,scattered clouds
674,Santiago,CL,-33.4569,-70.6483,65.64,27,0,3.44,clear sky
675,Zhezkazgan,KZ,47.8043,67.7144,78.82,46,55,10.49,broken clouds
